,t-mae,t-mape,t-rmse,v-mae,v-mape,v-rmse
PF,0.2906042634826207,0.0026762492579762397,0.38322791564851916,0.1018962324881187,0.0009218020395245733,0.11610795822603284
PFF,1.9181006321152292,0.017536666419694005,2.074733513068012,0.35989164891051073,0.0032535125577235506,0.41782281785530356
